<?xml version="1.0" encoding="UTF-8"?>
<beans xmlns="http://www.springframework.org/schema/beans"
	xmlns:xsi="http://www.w3.org/2001/XMLSchema-instance"
	xmlns:mybatis-spring="http://mybatis.org/schema/mybatis-spring"
	xmlns:context="http://www.springframework.org/schema/context"
	xsi:schemaLocation="http://mybatis.org/schema/mybatis-spring http://mybatis.org/schema/mybatis-spring-1.2.xsd
		http://www.springframework.org/schema/beans https://www.springframework.org/schema/beans/spring-beans.xsd
		http://www.springframework.org/schema/context http://www.springframework.org/schema/context/spring-context-4.3.xsd">
	
	<!-- service는 mapper보다 상단에 올려줘야 함 -->
	<context:component-scan base-package="kr.co.replates.service" />
	
	<!-- Root Context: defines shared resources visible to all other web components -->
	<bean class="com.zaxxer.hikari.HikariConfig" id="hikariConfig">
		<property name="driverClassName" value="com.mysql.jdbc.Driver"/>
		<property name="jdbcUrl" value="jdbc:mysql://localhost:3306/com?useSSL=false"/>
		<property name="username" value="com"/>
		<property name="password" value="com01"/>
	</bean>
	
	<bean class="com.zaxxer.hikari.HikariDataSource" id="dataSource" destroy-method="close">
		<constructor-arg ref="hikariConfig"/>	
	</bean>
	
	<bean class="org.mybatis.spring.SqlSessionFactoryBean">
		<property name="dataSource" ref="dataSource"/>
	</bean>
	
	<mybatis-spring:scan base-package="kr.co.replates.mapper"/>
	
	
</beans>
